,,DClass1,DClass2,DClass3,DClass4,DClass5,Total
Species Group 1,Num,0.0,0.0,0.0,456.75,297.0,753.75
,Vol,0.0,0.0,0.0,1065.2325,2047.2375000000002,3112.4700000000003
Species Group 2,Num,0.0,0.0,0.0,692.25,594.0,1286.25
,Vol,0.0,0.0,0.0,1579.2525,4086.705,5665.9575
Species Group 3,Num,0.0,0.0,0.0,677.25,584.25,1261.5
,Vol,0.0,0.0,0.0,1556.535,4096.5675,5653.1025
Species Group 5,Num,0.0,0.0,0.0,1025.25,585.0,1610.25
,Vol,0.0,0.0,0.0,1390.4625,2705.0325000000003,4095.4950000000003
