,,DClass1,DClass2,DClass3,DClass4,DClass5,Total
Species Group 1,Num,0.0,0.0,0.0,197.25,294.0,491.25
,Vol,0.0,0.0,0.0,548.655,2033.895,2582.55
Species Group 2,Num,0.0,0.0,0.0,265.5,590.25,855.75
,Vol,0.0,0.0,0.0,741.6675,4053.5775000000003,4795.245000000001
Species Group 3,Num,0.0,0.0,0.0,279.0,576.75,855.75
,Vol,0.0,0.0,0.0,774.33,4076.5725,4850.9025
Species Group 5,Num,0.0,0.0,0.0,425.25,580.5,1005.75
,Vol,0.0,0.0,0.0,717.4425,2690.4900000000002,3407.9325000000003
