,,DClass1,DClass2,DClass3,DClass4,DClass5,Total
Species Group 1,Num,0.0,0.0,0.0,0.0,252.0,252.0
,Vol,0.0,0.0,0.0,0.0,1886.4900000000002,1886.4900000000002
Species Group 2,Num,0.0,0.0,0.0,0.0,499.5,499.5
,Vol,0.0,0.0,0.0,0.0,3761.2650000000003,3761.2650000000003
Species Group 3,Num,0.0,0.0,0.0,0.0,477.0,477.0
,Vol,0.0,0.0,0.0,0.0,3714.705,3714.705
Species Group 5,Num,0.0,0.0,0.0,0.0,492.0,492.0
,Vol,0.0,0.0,0.0,0.0,2507.07,2507.07
