,,DClass1,DClass2,DClass3,DClass4,DClass5,Total
Species Group 1,Num,0.0,0.0,0.0,0.0,297.0,297.0
,Vol,0.0,0.0,0.0,0.0,2050.0874999999996,2050.0874999999996
Species Group 2,Num,0.0,0.0,0.0,0.0,591.75,591.75
,Vol,0.0,0.0,0.0,0.0,4089.315,4089.315
Species Group 3,Num,0.0,0.0,0.0,0.0,588.0,588.0
,Vol,0.0,0.0,0.0,0.0,4153.545,4153.545
Species Group 5,Num,0.0,0.0,0.0,0.0,585.0,585.0
,Vol,0.0,0.0,0.0,0.0,2697.5099999999998,2697.5099999999998
