,,DClass1,DClass2,DClass3,DClass4,DClass5,Total
Species Group 1,Num,0.0,0.0,0.0,95.25,295.5,390.75
,Vol,0.0,0.0,0.0,291.2025,2043.795,2334.9975
Species Group 2,Num,0.0,0.0,0.0,138.75,584.25,723.0
,Vol,0.0,0.0,0.0,421.78499999999997,4015.9874999999997,4437.7725
Species Group 3,Num,0.0,0.0,0.0,145.5,588.0,733.5
,Vol,0.0,0.0,0.0,440.2425,4138.0199999999995,4578.2625
Species Group 5,Num,0.0,0.0,0.0,209.25,585.75,795.0
,Vol,0.0,0.0,0.0,393.42749999999995,2717.3025000000002,3110.73
