,,DClass1,DClass2,DClass3,DClass4,DClass5,Total
Species Group 1,Num,0.0,0.0,0.0,0.0,164.0,164.0
,Vol,0.0,0.0,0.0,0.0,1855.3700000000001,1855.3700000000001
Species Group 2,Num,0.0,0.0,0.0,0.0,333.0,333.0
,Vol,0.0,0.0,0.0,0.0,3712.38,3712.38
Species Group 3,Num,0.0,0.0,0.0,0.0,322.0,322.0
,Vol,0.0,0.0,0.0,0.0,3748.5,3748.5
Species Group 5,Num,0.0,0.0,0.0,0.0,327.0,327.0
,Vol,0.0,0.0,0.0,0.0,2298.24,2298.24
